{"cameraMode":{"drawMode":0,"name":"Shaded","section":"Shading Mode"},"sceneLighting":true,"audioPlay":false,"sceneViewState":{"m_AlwaysRefresh":false,"showFog":true,"showSkybox":true,"showFlares":true,"showImageEffects":true,"showParticleSystems":true,"showVisualEffectGraphs":true,"m_FxEnabled":true},"in2DMode":false,"pivot":{"x":86.69510650634766,"y":1.3073264360427857,"z":28.62490463256836},"rotation":{"x":-0.00946238823235035,"y":-0.44933614134788515,"z":0.005236614495515823,"w":-0.8931204676628113},"size":42.49288558959961,"orthographic":false}