{"cameraMode":{"drawMode":0,"name":"Shaded","section":"Shading Mode"},"sceneLighting":false,"audioPlay":false,"sceneViewState":{"m_AlwaysRefresh":false,"showFog":true,"showSkybox":false,"showFlares":true,"showImageEffects":true,"showParticleSystems":true,"showVisualEffectGraphs":true,"m_FxEnabled":true},"in2DMode":false,"pivot":{"x":25.628442764282228,"y":1.7474783658981324,"z":-20.497102737426759},"rotation":{"x":-0.11177941411733628,"y":-0.49143484234809878,"z":0.0642484501004219,"w":-0.8611335158348084},"size":0.21814680099487306,"orthographic":false}